Run,AccStart,AccBest,AccBestEpochNr,AccEnd
1.0,0.4666666666666667,0.9666666666666667,274.0,0.9666666666666667
1.0,0.5083333333333333,0.9666666666666667,274.0,0.925
