Run,AccStart,AccBest,AccBestEpochNr,AccEnd
1.0,0.3684210526315789,0.9736842105263158,548.0,0.9649122807017544
1.0,0.3648351648351648,0.9736842105263158,548.0,0.9802197802197802
