Run,AccStart,AccBest,AccBestEpochNr,AccEnd
1.0,0.48333333333333334,0.8166666666666667,14326.0,0.8833333333333333
