Run,AccStart,AccBest,AccBestEpochNr,AccEnd
1.0,0.4166666666666667,1.0,215.0,1.0
1.0,0.3380281690140845,1.0,215.0,0.9929577464788732
