Run,AccStart,AccBest,AccBestEpochNr,AccEnd
1.0,0.625,0.775,64.0,0.725
2.0,0.225,0.775,132.0,0.725
3.0,0.525,0.75,3583.0,0.725
4.0,0.475,0.75,62.0,0.725
5.0,0.325,0.775,132.0,0.725
6.0,0.375,0.775,70.0,0.725
7.0,0.525,0.775,117.0,0.725
8.0,0.775,0.775,0.0,0.725
9.0,0.475,0.775,111.0,0.725
10.0,0.525,0.775,138.0,0.725
10.0,0.5166666666666667,0.775,138.0,0.7833333333333333
