Run,AccStart,AccBest,AccBestEpochNr,AccEnd
1.0,0.7333333333333333,0.7833333333333333,254.0,0.9666666666666667
