Run,AccStart,AccBest,AccBestEpochNr,AccEnd
1.0,0.48333333333333334,0.7833333333333333,402.0,0.7416666666666667
